Name,obs_date,rms,comp,Vpeak,Vpeak_err,FWHM,FWHM_err,Speak,Si,Si_err,direct_extract_Speak
NGC 7538 IRS1,20150929,0.13526054,absorption,-55.50066282,0.381094545,8.153049253,0.678910502,-0.45919904,-3.985228684,0.360444759,
NGC 7538 IRS1,20150929,0.13526054,Comp.I,-57.88187484,0.059248961,1.10122217,0.139748328,0.700398897,0.82101787,0.090133136,0.862423289
NGC 7538 IRS1,20150929,0.13526054,Comp.II,-60.09414032,0.044722558,0.830290332,0.105452555,0.805712776,0.712102387,0.0782643,0.961488444
NGC 7538 IRS1,20151202,0.07560033,absorption,-55.19527227,0.262057636,8.55513028,0.486312777,-0.352528494,-3.21035503,0.190732071,
NGC 7538 IRS1,20151202,0.07560033,Comp.I,-57.65904593,0.019715816,1.042570159,0.046438191,1.153801247,1.280467336,0.049385822,1.122664371
NGC 7538 IRS1,20151202,0.07560033,Comp.II,-59.86769307,0.01427865,0.716593491,0.033630006,1.320867726,1.007544875,0.040944372,1.35799255
NGC 7538 IRS1,20151205,0.052780799,absorption,-55.33022469,0.17905561,6.033681817,0.343276018,-0.383994304,-2.466263051,0.144612556,
NGC 7538 IRS1,20151205,0.052780799,Comp.I,-57.63433515,0.014103085,0.997667061,0.03321332,1.16465774,1.236847516,0.035657107,1.219902626
NGC 7538 IRS1,20151205,0.052780799,Comp.II,-59.85459042,0.011159149,0.706718846,0.026279841,1.23887597,0.931980256,0.030011269,1.334738168
NGC 7538 IRS1,20151211,0.053289914,absorption,-55.32623888,0.164818805,7.939833616,0.320739603,-0.371843955,-3.142710218,0.127739622,
NGC 7538 IRS1,20151211,0.053289914,Comp.I,-57.60558319,0.030722045,0.82948285,0.072345808,0.468737498,0.413875119,0.031261117,0.458498945
NGC 7538 IRS1,20151211,0.053289914,Comp.II,-59.85443072,0.022059967,0.739181057,0.0519479,0.616261881,0.484895712,0.029511104,0.643926604
NGC 7538 IRS1,20151212,0.047318067,absorption,-55.30005375,0.190170076,7.905131305,0.355102866,-0.348110214,-2.929260962,0.137136425,
NGC 7538 IRS1,20151212,0.047318067,Comp.I,-57.67590654,0.015092683,0.945286762,0.03554675,1.02669923,1.033092057,0.033639772,1.041201724
NGC 7538 IRS1,20151212,0.047318067,Comp.II,-59.86473457,0.012612227,0.78673663,0.029704212,1.1209184,0.938718938,0.030690027,1.145372468
NGC 7538 IRS1,20151214,0.04464663,absorption,-56.09476544,0.21931849,8.090546627,0.402930065,-0.267535667,-2.304049279,0.122255967,
NGC 7538 IRS1,20151214,0.04464663,Comp.I,-57.71810339,0.015355678,1.030698301,0.036179293,0.979788395,1.0749693,0.032666072,1.018088636
NGC 7538 IRS1,20151214,0.04464663,Comp.II,-59.87090109,0.011537242,0.749152644,0.02717997,1.111818368,0.886617648,0.027849889,1.179827427
NGC 7538 IRS1,20160115,0.151353877,absorption,-55.20073142,0.436718506,7.582368421,0.810841466,-0.378782843,-3.057224926,0.342197984,
NGC 7538 IRS1,20160115,0.151353877,Comp.I,-57.66994245,0.047641905,1.086697797,0.11219951,0.901377031,1.042671455,0.093224632,0.90230487
NGC 7538 IRS1,20160115,0.151353877,Comp.II,-59.82870947,0.026560054,0.550105003,0.062547096,1.150549693,0.673725811,0.066333303,1.274660488
NGC 7538 IRS1,20160129,0.073101354,absorption,-55.06991454,0.285235385,7.979608863,0.551972684,-0.320953182,-2.726186103,0.190697966,
NGC 7538 IRS1,20160129,0.073101354,Comp.I,-58.02640487,0.025850235,1.049474786,0.060927066,0.833192622,0.930785555,0.046769323,0.927373892
NGC 7538 IRS1,20160129,0.073101354,Comp.II,-60.16517202,0.018126798,0.760735861,0.042715792,1.011735278,0.819281207,0.039821296,1.113736455
NGC 7538 IRS1,20160130,0.075751418,absorption,-55.32778554,0.318033928,8.914468925,0.599273158,-0.308049085,-2.923126486,0.202516613,
NGC 7538 IRS1,20160130,0.075751418,Comp.I,-57.86327572,0.0192744,0.908701369,0.045398103,1.14867338,1.111091817,0.048064549,1.260907201
NGC 7538 IRS1,20160130,0.075751418,Comp.II,-60.09370816,0.019985781,0.881019906,0.047073462,1.090746527,1.022920235,0.047325989,1.181401623
NGC 7538 IRS1,20160131,0.069598338,absorption,-55.57525877,0.210190557,3.203472583,0.52942504,-0.264543604,-0.902091287,0.124227267,
NGC 7538 IRS1,20160131,0.069598338,Comp.I,-57.8119676,0.028246209,0.77134615,0.066515378,0.714095674,0.586324347,0.043784971,0.744063491
NGC 7538 IRS1,20160131,0.069598338,Comp.II,-60.05528133,0.020203131,0.600223231,0.04757516,0.880715096,0.562704581,0.038624197,0.917178056
NGC 7538 IRS1,20160201,0.083425838,absorption,-56.67071955,0.354617491,6.883684464,0.624801723,-0.297218882,-2.177858009,0.224019013,
NGC 7538 IRS1,20160201,0.083425838,Comp.I,-57.85699482,0.036329019,1.08078411,0.085640221,0.756049916,0.86980446,0.059645738,0.841828372
NGC 7538 IRS1,20160201,0.083425838,Comp.II,-60.0215527,0.024554304,0.766437642,0.057869398,0.942051915,0.768570787,0.050229996,1.059193231
NGC 7538 IRS1,20160202,0.045252741,absorption,-54.94331189,0.213882989,5.581203172,0.478519564,-0.298128815,-1.771185292,0.138383985,
NGC 7538 IRS1,20160202,0.045252741,Comp.I,-57.91255013,0.014751991,1.109550891,0.034757524,1.131847179,1.33680244,0.036252626,1.195117047
NGC 7538 IRS1,20160202,0.045252741,Comp.II,-60.0911195,0.011992525,0.68368725,0.028251348,1.093000615,0.795444893,0.028458619,1.132174724
NGC 7538 IRS1,20160203,0.046740436,absorption,-55.41130641,0.177011118,8.109687265,0.328103134,-0.348000527,-3.004112682,0.127337084,
NGC 7538 IRS1,20160203,0.046740436,Comp.I,-57.83523362,0.013687052,1.014093532,0.032237486,1.092849992,1.179697819,0.03247297,1.081255509
NGC 7538 IRS1,20160203,0.046740436,Comp.II,-60.02547088,0.009919772,0.726118838,0.023363418,1.275995118,0.986254338,0.027478575,1.32053897
NGC 7538 IRS1,20160204,0.029034517,absorption,-55.64540962,0.131785605,7.9056375,0.224727491,-0.316844864,-2.666341535,0.085989962,
NGC 7538 IRS1,20160204,0.029034517,Comp.I,-57.58503405,0.010539057,1.096479264,0.02492883,0.92968841,1.085100716,0.021302422,0.948517748
NGC 7538 IRS1,20160204,0.029034517,Comp.II,-59.76696255,0.009700127,0.925589684,0.022930585,0.928338753,0.914654754,0.019575302,0.971672612
NGC 7538 IRS1,20160205,0.035033144,absorption,-55.8415797,0.149458504,6.773040936,0.261806335,-0.390615832,-2.816214646,0.121200559,
NGC 7538 IRS1,20160205,0.035033144,Comp.I,-57.88062302,0.012742854,1.065672895,0.030026663,1.075640146,1.220177839,0.029761121,1.155143598
NGC 7538 IRS1,20160205,0.035033144,Comp.II,-60.07171455,0.009545424,0.760641684,0.022489401,1.213251123,0.982342726,0.025144565,1.302808595
NGC 7538 IRS1,20160219,0.056287318,absorption,-55.88710246,0.263774395,7.051174256,0.446060369,-0.302332436,-2.269229396,0.164906726,
NGC 7538 IRS1,20160219,0.056287318,Comp.I,-57.86906757,0.02137046,1.130460285,0.05044631,0.875825092,1.053913343,0.040664404,0.956939756
NGC 7538 IRS1,20160219,0.056287318,Comp.II,-60.03704523,0.01711895,0.800260286,0.040386273,0.920130824,0.783814069,0.034218384,0.97233164
NGC 7538 IRS1,20160220,0.076209878,absorption,-55.76406978,0.315752738,7.732454878,0.576267552,-0.285668688,-2.351322748,0.186674821,
NGC 7538 IRS1,20160220,0.076209878,Comp.I,-57.85117816,0.020514593,0.984717801,0.048316802,1.06847389,1.119973928,0.047585731,1.026743061
NGC 7538 IRS1,20160220,0.076209878,Comp.II,-60.04126418,0.018382846,0.745316623,0.043294914,1.037395304,0.823033088,0.041399856,1.05211098
NGC 7538 IRS1,20160221,0.040215086,absorption,-55.97535686,0.161988398,7.372176941,0.291772351,-0.314213842,-2.465774028,0.105637877,
NGC 7538 IRS1,20160221,0.040215086,Comp.I,-57.81719673,0.012346494,0.960757088,0.029078986,0.989774798,1.012236978,0.026529326,0.973411715
NGC 7538 IRS1,20160221,0.040215086,Comp.II,-60.02617295,0.011396443,0.788632742,0.026840893,0.971491716,0.815541594,0.024035628,1.03037954
NGC 7538 IRS1,20160223,0.04003822,absorption,-55.67922561,0.175161807,7.727235025,0.314064763,-0.312360414,-2.569285239,0.113090033,
NGC 7538 IRS1,20160223,0.04003822,Comp.I,-57.84070603,0.016450156,1.050347112,0.038753849,0.803762661,0.898654768,0.028706268,0.832454382
NGC 7538 IRS1,20160223,0.04003822,Comp.II,-60.06432471,0.010807807,0.770690965,0.025459448,1.047951434,0.859713277,0.024589721,1.109357024
NGC 7538 IRS1,20160226,0.058006057,absorption,-55.20356481,0.325137185,9.82007685,0.627010442,-0.254316824,-2.658411382,0.171098205,
NGC 7538 IRS1,20160226,0.058006057,Comp.I,-57.87132153,0.018154266,0.964224002,0.042754455,1.094914795,1.123803738,0.043151196,1.224367183
NGC 7538 IRS1,20160226,0.058006057,Comp.II,-60.04624172,0.012608401,0.715329367,0.029693153,1.357923782,1.033983621,0.037167453,1.400927194
NGC 7538 IRS1,20160227,0.054858186,absorption,-55.72677983,0.201125353,7.533985369,0.367398161,-0.346833524,-2.781493508,0.144279313,
NGC 7538 IRS1,20160227,0.054858186,Comp.I,-57.89974318,0.016509845,0.962734143,0.0388886,1.00502717,1.02995058,0.036023301,1.030332078
NGC 7538 IRS1,20160227,0.054858186,Comp.II,-60.0302338,0.013155385,0.753545325,0.030986071,1.115861349,0.895059332,0.031869882,1.156686206
NGC 7538 IRS1,20160304,0.076591841,absorption,-55.36066545,0.221464001,6.455035482,0.43775977,-0.373612473,-2.567155704,0.174070231,
NGC 7538 IRS1,20160304,0.076591841,Comp.I,-57.85593276,0.018478998,0.949016617,0.043516832,1.086096398,1.097171202,0.043568689,1.047794782
NGC 7538 IRS1,20160304,0.076591841,Comp.II,-60.03417767,0.014833598,0.680215341,0.034931924,1.145505617,0.829422583,0.036886369,1.133757945
NGC 7538 IRS1,20160305,0.086436899,absorption,-55.38871032,0.262802906,5.209827154,0.569711555,-0.310572345,-1.722337695,0.175033989,
NGC 7538 IRS1,20160305,0.086436899,Comp.I,-57.81301496,0.02530999,0.799854525,0.059601091,0.85155161,0.725027018,0.046786917,0.831278583
NGC 7538 IRS1,20160305,0.086436899,Comp.II,-60.08780932,0.023587692,0.730319057,0.05554534,0.873196244,0.67882324,0.044709206,0.943751801
NGC 7538 IRS1,20160306,0.077627598,absorption,-54.77267095,0.174815182,3.716931675,0.460687179,-0.324898313,-1.285476803,0.128670712,
NGC 7538 IRS1,20160306,0.077627598,Comp.I,-57.82376547,0.035275478,0.990363456,0.083103974,0.700523028,0.738497847,0.053651231,0.685386399
NGC 7538 IRS1,20160306,0.077627598,Comp.II,-60.01247094,0.028421552,0.809383942,0.066953638,0.785991423,0.677180746,0.048501415,0.839338264
NGC 7538 IRS1,20160307,0.064582676,absorption,-56.18024862,0.238461747,7.275296529,0.396403932,-0.350694845,-2.71589072,0.173367478,
NGC 7538 IRS1,20160307,0.064582676,Comp.I,-57.85514971,0.020141797,1.148846673,0.047674232,1.011833715,1.237380955,0.044318259,1.052933772
NGC 7538 IRS1,20160307,0.064582676,Comp.II,-59.98958965,0.015079263,0.839468368,0.035646292,1.155864786,1.032865043,0.03789401,1.191824836
NGC 7538 IRS1,20160314,0.062204039,absorption,-55.20679489,0.20150915,4.761665036,0.467832635,-0.311765535,-1.580225823,0.13720329,
NGC 7538 IRS1,20160314,0.062204039,Comp.I,-57.86859066,0.019332481,0.892075471,0.045525884,0.930097179,0.883206253,0.039033497,1.01090843
NGC 7538 IRS1,20160314,0.062204039,Comp.II,-60.0373946,0.016309843,0.701802354,0.038407807,0.977837008,0.730488697,0.034621096,0.978080768
NGC 7538 IRS1,20160318,0.066535053,absorption,-55.90592112,0.273716722,6.013777948,0.49724205,-0.316916547,-2.028731229,0.181563825,
NGC 7538 IRS1,20160318,0.066535053,Comp.I,-57.84895857,0.019545111,0.957964193,0.046033019,1.030622143,1.05094734,0.043729993,1.085104858
NGC 7538 IRS1,20160318,0.066535053,Comp.II,-60.00367858,0.01756336,0.741693496,0.04136464,1.009175803,0.796752637,0.038478341,0.98446566
NGC 7538 IRS1,20160328,0.070229582,absorption,-55.90163148,0.271492079,7.829418174,0.477286236,-0.343826939,-2.865507836,0.192729142,
NGC 7538 IRS1,20160328,0.070229582,Comp.I,-57.83056217,0.021959299,1.026652014,0.051765628,1.009875501,1.103629524,0.048156854,0.983985347
NGC 7538 IRS1,20160328,0.070229582,Comp.II,-60.02195555,0.018515833,0.851210492,0.043642484,1.090546591,0.988128448,0.04384919,1.113786106
NGC 7538 IRS1,20160402,0.075389557,absorption,-55.28918375,0.200534787,4.840057733,0.444235459,-0.375842848,-1.936373106,0.162329212,
NGC 7538 IRS1,20160402,0.075389557,Comp.I,-57.82291542,0.018647372,0.876337708,0.043911649,1.147157127,1.070105552,0.046436768,1.188423292
NGC 7538 IRS1,20160402,0.075389557,Comp.II,-60.06157624,0.013475224,0.592888668,0.031732003,1.305686808,0.824032568,0.038194808,1.330440498
NGC 7538 IRS1,20160403,0.094745951,absorption,-56.21130668,0.312769925,6.699087042,0.519908525,-0.378888663,-2.701838843,0.246691395,
NGC 7538 IRS1,20160403,0.094745951,Comp.I,-57.82345787,0.030907741,1.054585998,0.072913789,0.884401534,0.992804411,0.059373847,0.89080976
NGC 7538 IRS1,20160403,0.094745951,Comp.II,-59.99486124,0.025269874,0.854886811,0.05959794,0.973948286,0.886291786,0.053457997,0.99919501
NGC 7538 IRS1,20160404,0.055129782,absorption,-55.33587941,0.182205181,5.390714658,0.38931038,-0.348977816,-2.002517754,0.136035279,
NGC 7538 IRS1,20160404,0.055129782,Comp.I,-57.78786292,0.016343017,0.842065123,0.038485317,1.008962769,0.904384335,0.035795493,1.043242182
NGC 7538 IRS1,20160404,0.055129782,Comp.II,-60.05768792,0.015709884,0.72389029,0.036994376,0.973267356,0.749958304,0.033190126,1.104535103
NGC 7538 IRS1,20160417,0.069616084,absorption,-55.7261273,0.296194753,8.073012836,0.52248825,-0.330563721,-2.840684762,0.201819109,
NGC 7538 IRS1,20160417,0.069616084,Comp.I,-57.81181189,0.02168726,1.082697364,0.051137673,1.094393669,1.261283928,0.051545818,1.118637515
NGC 7538 IRS1,20160417,0.069616084,Comp.II,-60.00861634,0.018181983,0.815491222,0.04286169,1.133002116,0.983517794,0.044737144,1.193291738
NGC 7538 IRS1,20160422,0.031379107,absorption,-55.61226131,0.179479709,8.26587077,0.326767773,-0.252485416,-2.221555255,0.09349303,
NGC 7538 IRS1,20160422,0.031379107,Comp.I,-57.80330842,0.01130027,1.028303767,0.026622173,0.983442444,1.07647162,0.02412798,1.016595391
NGC 7538 IRS1,20160422,0.031379107,Comp.II,-59.97027318,0.008759133,0.750021395,0.020633825,1.083588021,0.865107461,0.020606412,1.145770994
NGC 7538 IRS1,20160423,0.057593898,absorption,-55.55389815,0.349699074,8.967301841,0.630910648,-0.223584183,-2.134199807,0.160822581,
NGC 7538 IRS1,20160423,0.057593898,Comp.I,-57.82516314,0.025341011,1.106169462,0.05981551,0.761828219,0.897038185,0.041941928,0.805845152
NGC 7538 IRS1,20160423,0.057593898,Comp.II,-59.98184497,0.01857578,0.813779521,0.043824038,0.891566129,0.772311546,0.035977537,0.987199772
NGC 7538 IRS1,20160424,0.088330815,absorption,-55.66169212,0.51054716,8.012146773,0.879270388,-0.228642136,-1.950012406,0.24006523,
NGC 7538 IRS1,20160424,0.088330815,Comp.I,-57.85815558,0.032265467,1.179788727,0.076304966,0.87763092,1.102169447,0.061560019,0.916905557
NGC 7538 IRS1,20160424,0.088330815,Comp.II,-60.03992628,0.02691874,0.827687572,0.063586778,0.881475944,0.776620963,0.051574339,0.960074924
NGC 7538 IRS1,20160729,0.048139987,absorption,-55.08628401,0.152988941,5.291159865,0.337891811,-0.360230597,-2.028914246,0.118854551,
NGC 7538 IRS1,20160729,0.048139987,Comp.I,-57.79819294,0.014961137,0.954453613,0.035231551,0.998569821,1.014531353,0.03243143,1.030899965
NGC 7538 IRS1,20160729,0.048139987,Comp.II,-60.04264184,0.010509967,0.659960642,0.024749561,1.182035571,0.830387479,0.02696815,1.169468985
NGC 7538 IRS1,20160730,0.022534197,absorption,-55.96238458,0.113965599,6.799078736,0.213631685,-0.338458128,-2.449555191,0.081299539,
NGC 7538 IRS1,20160730,0.022534197,Comp.I,-57.84780299,0.008949953,1.085227575,0.021104154,0.982105073,1.13451694,0.0190896,1.006987284
NGC 7538 IRS1,20160730,0.022534197,Comp.II,-60.02880097,0.006824015,0.799938022,0.016086756,1.106004993,0.941771704,0.016390418,1.11050143
NGC 7538 IRS1,20160803,0.049578197,absorption,-56.18859212,0.227057326,6.961952199,0.397243807,-0.328302109,-2.432970927,0.155641224,
NGC 7538 IRS1,20160803,0.049578197,Comp.I,-57.8148338,0.018679544,1.060593387,0.044000554,1.00171388,1.130901595,0.040623291,1.059654652
NGC 7538 IRS1,20160803,0.049578197,Comp.II,-60.04869708,0.013116453,0.739676059,0.030894519,1.191381521,0.938047071,0.033925524,1.164425972
NGC 7538 IRS1,20160804,0.055854461,absorption,-55.26970459,0.223044424,7.824655376,0.417166516,-0.29547819,-2.461063721,0.136593729,
NGC 7538 IRS1,20160804,0.055854461,Comp.I,-57.8486996,0.019523465,1.023906843,0.045990347,0.803577782,0.87583153,0.034060895,0.800912647
NGC 7538 IRS1,20160804,0.055854461,Comp.II,-60.02927008,0.014449973,0.745434978,0.034036872,0.92646001,0.735137633,0.029063467,0.905241262
NGC 7538 IRS1,20160806,0.052347532,absorption,-55.92520274,0.205132381,7.379571493,0.361888386,-0.328092745,-2.577270373,0.139150647,
NGC 7538 IRS1,20160806,0.052347532,Comp.I,-57.87802774,0.015089468,1.031051116,0.035555423,1.079986808,1.185307022,0.035383522,1.138960788
NGC 7538 IRS1,20160806,0.052347532,Comp.II,-60.02981832,0.011778752,0.761920788,0.027751161,1.189424988,0.964670708,0.030417953,1.234812717
NGC 7538 IRS1,20160807,0.045712121,absorption,-55.54043277,0.220255287,7.114057737,0.404564011,-0.309909688,-2.346846846,0.141756698,
NGC 7538 IRS1,20160807,0.045712121,Comp.I,-57.88506888,0.01681583,0.991128968,0.039633811,0.917637683,0.968129868,0.033507459,0.965672115
NGC 7538 IRS1,20160807,0.045712121,Comp.II,-60.01158298,0.013467356,0.815365427,0.031738136,1.039252474,0.90199799,0.030391592,1.173399819
NGC 7538 IRS1,20160814,0.039734456,absorption,-55.81628433,0.180047268,7.907080188,0.318489442,-0.35582045,-2.994878839,0.132134571,
NGC 7538 IRS1,20160814,0.039734456,Comp.I,-57.89035945,0.015640451,1.064993916,0.036867814,0.992492712,1.125140255,0.033708958,1.023112961
NGC 7538 IRS1,20160814,0.039734456,Comp.II,-60.07373822,0.011081524,0.795893944,0.026116546,1.211118094,1.026062706,0.029142498,1.295734234
NGC 7538 IRS1,20160816,0.050843932,absorption,-55.89548941,0.233390832,8.30509852,0.416148134,-0.322437026,-2.850505646,0.155230293,
NGC 7538 IRS1,20160816,0.050843932,Comp.I,-57.88399002,0.018118561,1.070112424,0.04272806,1.025520732,1.168170033,0.040355435,1.03465243
NGC 7538 IRS1,20160816,0.050843932,Comp.II,-60.04167746,0.01303771,0.802356017,0.030737564,1.23419327,1.054101661,0.03494578,1.266862695
NGC 7538 IRS1,20160818,0.052282569,absorption,-55.64684172,0.234312183,8.038485219,0.419068434,-0.29732259,-2.544100923,0.143534919,
NGC 7538 IRS1,20160818,0.052282569,Comp.I,-57.88499681,0.016176543,1.050281442,0.038133541,1.031093582,1.152752268,0.036221026,1.105759738
NGC 7538 IRS1,20160818,0.052282569,Comp.II,-60.04775893,0.012095412,0.798570091,0.028507582,1.202576415,1.022251915,0.031585449,1.326747962
NGC 7538 IRS1,20160819,0.055251485,absorption,-55.80295275,0.20690036,7.067943239,0.366279896,-0.343721665,-2.586021728,0.147202662,
NGC 7538 IRS1,20160819,0.055251485,Comp.I,-57.89604806,0.016584986,1.05216207,0.039077518,1.02984398,1.153416837,0.037084439,1.037514339
NGC 7538 IRS1,20160819,0.055251485,Comp.II,-60.04793142,0.01141542,0.731247428,0.026893572,1.247420546,0.970978145,0.030916906,1.279802481
NGC 7538 IRS1,20160821,0.059070981,absorption,-55.7178759,0.262198012,8.220848442,0.483057559,-0.304855146,-2.667733126,0.16509946,
NGC 7538 IRS1,20160821,0.059070981,Comp.I,-57.8927041,0.020042698,0.954327602,0.047208575,0.952891997,0.967995581,0.041462565,1.043141673
NGC 7538 IRS1,20160821,0.059070981,Comp.II,-60.05143147,0.014389458,0.777272772,0.033892004,1.197880405,0.991103765,0.037420009,1.29821592
NGC 7538 IRS1,20161001,0.044990225,absorption,-56.08725674,0.188486801,8.284901954,0.336117078,-0.338060799,-2.981359835,0.13180417,
NGC 7538 IRS1,20161001,0.044990225,Comp.I,-57.94719851,0.016420533,1.11452946,0.0387461,0.988128565,1.172295821,0.035246741,0.962789564
NGC 7538 IRS1,20161001,0.044990225,Comp.II,-60.09150033,0.011109119,0.775351025,0.026199843,1.218484572,1.005658688,0.029401723,1.226865078
NGC 7538 IRS1,20161016,0.029101024,absorption,-55.42848279,0.130363924,6.143050678,0.260522326,-0.314935767,-2.05938855,0.086682969,
NGC 7538 IRS1,20161016,0.029101024,Comp.I,-57.89878928,0.011937939,0.949633679,0.028112703,0.843147358,0.852298653,0.021850335,0.839366239
NGC 7538 IRS1,20161016,0.029101024,Comp.II,-60.10725725,0.008422027,0.680483209,0.019832981,1.011701273,0.732827773,0.018496574,1.08654369
NGC 7538 IRS1,20161025,0.046945943,absorption,-55.55667848,0.22455985,8.206637882,0.400790155,-0.327035794,-2.856885071,0.151086266,
NGC 7538 IRS1,20161025,0.046945943,Comp.I,-57.93086264,0.020261384,1.083944078,0.047810025,0.86296826,0.995712387,0.03798276,0.906061078
NGC 7538 IRS1,20161025,0.046945943,Comp.II,-60.08466437,0.014524333,0.819617144,0.034258801,1.047019992,0.913478266,0.033031784,1.12520937
NGC 7538 IRS1,20161026,0.078224435,absorption,-55.76197868,0.369376043,8.014944705,0.649245114,-0.27343505,-2.332850588,0.207748045,
NGC 7538 IRS1,20161026,0.078224435,Comp.I,-57.95543848,0.036222894,1.151513312,0.085514263,0.701401023,0.859740861,0.055199414,0.708990203
NGC 7538 IRS1,20161026,0.078224435,Comp.II,-60.06352125,0.021632208,0.723478366,0.051026408,0.931356195,0.717254971,0.04376402,0.908527502
NGC 7538 IRS1,20161029,0.099061561,absorption,-55.63629608,0.316828002,9.636074054,0.58249194,-0.401311408,-4.116364689,0.261963612,
NGC 7538 IRS1,20161029,0.099061561,Comp.I,-57.92206766,0.03112002,1.087233466,0.07343307,1.000951757,1.158425659,0.067664882,1.163955777
NGC 7538 IRS1,20161029,0.099061561,Comp.II,-60.12091792,0.02135091,0.858439771,0.050363966,1.29649858,1.184715542,0.060128168,1.363170355
NGC 7538 IRS1,20170102,0.030707306,absorption,-55.46675078,0.144171017,6.266861816,0.284930978,-0.31914392,-2.128966874,0.096915659,
NGC 7538 IRS1,20170102,0.030707306,Comp.I,-57.87846227,0.012061521,0.934227086,0.028403724,0.925911077,0.920775901,0.024243576,0.924141773
NGC 7538 IRS1,20170102,0.030707306,Comp.II,-60.07869912,0.009029411,0.691676546,0.021263314,1.064257433,0.78357749,0.020860589,1.08114894
NGC 7538 IRS1,20170111,0.054880741,absorption,-56.25352494,0.227145429,7.412314431,0.382102858,-0.329490469,-2.59973392,0.155339287,
NGC 7538 IRS1,20170111,0.054880741,Comp.I,-57.88566004,0.0212318,1.129518263,0.050201849,0.863621083,1.038361802,0.039859497,0.928446545
NGC 7538 IRS1,20170111,0.054880741,Comp.II,-60.03935199,0.015963818,0.849985615,0.037712299,0.996714721,0.901809195,0.03458328,1.055120049
NGC 7538 IRS1,20170112,0.118693171,absorption,-56.93288645,0.364559119,7.404785725,0.669349534,-0.368473434,-2.904362948,0.286936376,
NGC 7538 IRS1,20170112,0.118693171,Comp.I,-57.95534418,0.031434785,1.02535935,0.074176159,1.105169962,1.206250145,0.075468154,1.107177093
NGC 7538 IRS1,20170112,0.118693171,Comp.II,-60.081006,0.027307408,0.858578323,0.064420071,1.164243153,1.064034776,0.069060831,1.207554337
NGC 7538 IRS1,20170216,0.078746955,absorption,-55.08066397,0.199543202,5.541951932,0.44837986,-0.377024697,-2.224153539,0.162887693,
NGC 7538 IRS1,20170216,0.078746955,Comp.I,-57.85356271,0.018568826,0.881562904,0.04372784,1.059352914,0.994091093,0.042702263,1.081126333
NGC 7538 IRS1,20170216,0.078746955,Comp.II,-60.02390002,0.01324667,0.729821592,0.031194584,1.351190094,1.049700419,0.038854439,1.31460515
NGC 7538 IRS1,20170220,0.049006464,absorption,-55.63128441,0.202945771,7.062291636,0.372776829,-0.319034012,-2.398362598,0.134320502,
NGC 7538 IRS1,20170220,0.049006464,Comp.I,-57.89715065,0.016724804,0.953277882,0.039409532,0.883204362,0.896216493,0.032072846,0.889605638
NGC 7538 IRS1,20170220,0.049006464,Comp.II,-59.97850117,0.013930415,0.788787384,0.032822486,0.964600271,0.809915192,0.029175394,1.022324866
NGC 7538 IRS1,20170305,0.069369117,absorption,-55.60786719,0.326575816,7.799543081,0.56655389,-0.318782362,-2.646644778,0.214154382,
NGC 7538 IRS1,20170305,0.069369117,Comp.I,-57.85599202,0.031396372,1.180600128,0.074177863,0.817886162,1.027845636,0.055805705,0.834069122
NGC 7538 IRS1,20170305,0.069369117,Comp.II,-59.99069545,0.021432858,0.748429237,0.050581918,0.954451782,0.760390965,0.044446417,1.028008298
NGC 7538 IRS1,20170318,0.048777066,absorption,-56.01360377,0.228642771,6.982459517,0.377856704,-0.314020478,-2.333987935,0.148924632,
NGC 7538 IRS1,20170318,0.048777066,Comp.I,-57.77904041,0.02124989,1.150039462,0.050194996,0.803533914,0.983669406,0.037105158,0.851532832
NGC 7538 IRS1,20170318,0.048777066,Comp.II,-59.9566407,0.014651027,0.815992044,0.034580716,0.981990529,0.852953653,0.031260096,1.054189522
NGC 7538 IRS1,20170423,0.039131603,absorption,-55.90305895,0.187200665,7.821582297,0.329191167,-0.335837021,-2.796117378,0.129856945,
NGC 7538 IRS1,20170423,0.039131603,Comp.I,-57.82752571,0.017275883,1.077852918,0.040728565,0.898259798,1.030608393,0.033699968,0.977330567
NGC 7538 IRS1,20170423,0.039131603,Comp.II,-59.99560237,0.012601643,0.780050773,0.029701691,1.047666747,0.869917848,0.028669784,1.091692374
NGC 7538 IRS1,20170424,0.052783153,absorption,-55.17002467,0.238285885,6.397736623,0.478661869,-0.287742626,-1.959578971,0.145209035,
NGC 7538 IRS1,20170424,0.052783153,Comp.I,-57.81326091,0.02212245,1.007402229,0.05212097,0.707867224,0.759078903,0.034000027,0.684637257
NGC 7538 IRS1,20170424,0.052783153,Comp.II,-59.99365171,0.016274581,0.79557135,0.038340536,0.855075397,0.724128693,0.030214293,0.925998335
NGC 7538 IRS1,20170530,0.056390649,absorption,-54.93529464,0.172480029,4.010543755,0.445381663,-0.233172768,-0.995435895,0.090527278,
NGC 7538 IRS1,20170530,0.056390649,Comp.I,-57.82494828,0.022748371,0.89480188,0.053570502,0.656314487,0.625131076,0.032410738,0.702444784
NGC 7538 IRS1,20170530,0.056390649,Comp.II,-60.06875191,0.017670943,0.781161874,0.041613496,0.789438998,0.656435146,0.030283102,0.818726536
NGC 7538 IRS1,20170603,0.041743759,absorption,-55.60749358,0.160786384,6.246081234,0.298435009,-0.396786781,-2.63813511,0.133484092,
NGC 7538 IRS1,20170603,0.041743759,Comp.I,-57.84587374,0.015463158,1.027766744,0.036419625,0.978170715,1.070142045,0.032836704,1.042495317
NGC 7538 IRS1,20170603,0.041743759,Comp.II,-60.03969468,0.009947244,0.700571803,0.023427405,1.25547502,0.936252391,0.02711114,1.362259785
NGC 7538 IRS1,20170614,0.054256579,absorption,-55.42659692,0.237536907,7.036015812,0.433677547,-0.316934737,-2.373716554,0.15635838,
NGC 7538 IRS1,20170614,0.054256579,Comp.I,-57.85786115,0.020621418,1.091593519,0.048598127,0.861241596,1.00073285,0.038563347,0.888026947
NGC 7538 IRS1,20170614,0.054256579,Comp.II,-60.02436352,0.013570724,0.726487524,0.031975508,1.067720384,0.825691672,0.0314612,1.128031877
NGC 7538 IRS1,20170918,0.047746071,absorption,-55.26818952,0.345176137,8.770013627,0.646029892,-0.183528374,-1.713308998,0.130760882,
NGC 7538 IRS1,20170918,0.047746071,Comp.I,-57.90042576,0.016286092,1.041923881,0.038362201,0.952828867,1.056776407,0.033689563,1.06989688
NGC 7538 IRS1,20170918,0.047746071,Comp.II,-60.08145446,0.010698004,0.711437563,0.025197775,1.198673715,0.907757788,0.027839167,1.251097255
NGC 7538 IRS1,20171003,0.075909025,absorption,-54.39394112,0.488930621,7.534141665,1.076463525,-0.179670247,-1.440927588,0.188375447,
NGC 7538 IRS1,20171003,0.075909025,Comp.I,-57.88954535,0.023204168,0.956606975,0.054647454,0.932755708,0.949803288,0.046986002,1.030908638
NGC 7538 IRS1,20171003,0.075909025,Comp.II,-60.05126518,0.016981313,0.715035913,0.039991599,1.101967047,0.838742544,0.040622796,1.093578709
NGC 7538 IRS1,20171005,0.11197503,absorption,-56.5585809,0.996447232,9.618066348,2.058085675,-0.129103925,-1.321780761,0.274624015,
NGC 7538 IRS1,20171005,0.11197503,Comp.I,-57.80843817,0.040009037,1.006198608,0.094233306,0.843650416,0.903604629,0.073276409,0.859010397
NGC 7538 IRS1,20171005,0.11197503,Comp.II,-60.06723534,0.027085271,0.789749692,0.063792293,1.104122756,0.928194597,0.064920264,1.129666648
NGC 7538 IRS1,20171215,0.083577244,absorption,-54.98299199,0.176792056,3.819958696,0.459087024,-0.304131011,-1.236663613,0.121244006,
NGC 7538 IRS1,20171215,0.083577244,Comp.I,-57.82186752,0.031240758,0.895183983,0.073568067,0.664345458,0.633050686,0.045055202,0.66951061
NGC 7538 IRS1,20171215,0.083577244,Comp.II,-60.05112505,0.018620876,0.72334601,0.043849762,1.002032268,0.771542773,0.040502923,1.072299333
NGC 7538 IRS1,20180112,0.03221933,absorption,-56.10456144,0.160527612,8.049095715,0.280340875,-0.268264325,-2.298487911,0.089026388,
NGC 7538 IRS1,20180112,0.03221933,Comp.I,-57.88907478,0.013965941,1.11568469,0.033012202,0.772756843,0.917733411,0.023458023,0.764880955
NGC 7538 IRS1,20180112,0.03221933,Comp.II,-60.01143993,0.009741144,0.82537549,0.023005896,0.953245305,0.837507014,0.020180208,1.015554882
NGC 7538 IRS1,20180113,0.030437287,absorption,-55.762346,0.129088064,7.521614041,0.231816454,-0.309159094,-2.475285402,0.082501869,
NGC 7538 IRS1,20180113,0.030437287,Comp.I,-57.88054378,0.013975676,1.029114532,0.032922946,0.693853549,0.760087753,0.021053165,0.709944177
NGC 7538 IRS1,20180113,0.030437287,Comp.II,-60.05036998,0.008876797,0.738329345,0.020909822,0.925337648,0.727248061,0.017832883,0.93464395
NGC 7538 IRS1,20180114,0.03442015,absorption,-55.94281121,0.169141125,7.750242165,0.291928611,-0.283111072,-2.335631569,0.098716637,
NGC 7538 IRS1,20180114,0.03442015,Comp.I,-57.90682729,0.013767004,1.084099806,0.03249639,0.829855108,0.957643242,0.024820856,0.850452312
NGC 7538 IRS1,20180114,0.03442015,Comp.II,-60.07481179,0.009926566,0.849622694,0.023421452,1.019072767,0.921644659,0.021975463,1.055987814
NGC 7538 IRS1,20180127,0.070546955,absorption,-55.03027053,0.456719343,9.703591614,0.913810168,-0.177862491,-1.837168929,0.169166827,
NGC 7538 IRS1,20180127,0.070546955,Comp.I,-57.85432142,0.025073577,0.755213905,0.059044551,0.708764451,0.569775951,0.038575997,0.774373552
NGC 7538 IRS1,20180127,0.070546955,Comp.II,-60.01681401,0.02235298,0.764141443,0.052637949,0.799627841,0.650419976,0.038801244,0.775102826
NGC 7538 IRS1,20180202,0.052881372,absorption,-55.64979948,0.208758894,8.174788518,0.376209716,-0.362800882,-3.157018088,0.156024862,
NGC 7538 IRS1,20180202,0.052881372,Comp.I,-57.8823511,0.01671517,1.050560263,0.039395657,1.106664261,1.237567982,0.040167535,1.120130412
NGC 7538 IRS1,20180202,0.052881372,Comp.II,-60.02128726,0.010807413,0.757669454,0.025467222,1.453722936,1.172448112,0.034113641,1.534426981
NGC 7538 IRS1,20180203,0.057008681,absorption,-55.22462923,0.159867466,5.073744711,0.350301619,-0.386262104,-2.086137469,0.132834298,
NGC 7538 IRS1,20180203,0.057008681,Comp.I,-57.81080673,0.018399307,0.918537684,0.043327627,0.92142088,0.900922094,0.036802898,0.906746885
NGC 7538 IRS1,20180203,0.057008681,Comp.II,-60.04249955,0.011542768,0.628141413,0.027181475,1.214614111,0.812134499,0.030434512,1.257909182
NGC 7538 IRS1,20180718,0.060815101,absorption,-56.16020074,0.196012551,7.894124372,0.332657239,-0.448036516,-3.764866544,0.181584291,
NGC 7538 IRS1,20180718,0.060815101,Comp.I,-57.90925282,0.017568237,1.154392548,0.041643503,1.228114996,1.50912342,0.046942745,1.257322513
NGC 7538 IRS1,20180718,0.060815101,Comp.II,-60.07013586,0.013300024,0.894504931,0.031482263,1.428853317,1.360512688,0.041335757,1.598615854
NGC 7538 IRS1,20180723,0.049147781,absorption,-55.52437445,0.191646618,8.197081501,0.3546814,-0.349235308,-3.047260681,0.138316441,
NGC 7538 IRS1,20180723,0.049147781,Comp.I,-57.85689977,0.015409091,0.999180489,0.03629252,1.055464999,1.122586955,0.035307631,1.142560851
NGC 7538 IRS1,20180723,0.049147781,Comp.II,-60.04833618,0.010458543,0.734508552,0.02463191,1.333336009,1.042482264,0.030272722,1.441457393
NGC 7538 IRS1,20191030,0.049831065,absorption,-55.13352146,0.17472056,6.539402465,0.361649803,-0.398913172,-2.776825911,0.147868028,
NGC 7538 IRS1,20191030,0.049831065,Comp.I,-57.90982281,0.015644678,0.946498854,0.036843924,1.075993391,1.084081434,0.036543301,1.191779262
NGC 7538 IRS1,20191030,0.049831065,Comp.II,-60.05232111,0.01031252,0.702833447,0.024286127,1.406656472,1.052380227,0.031490454,1.436712002
NGC 7538 IRS1,20191111,0.056995619,absorption,-55.09033879,0.258203979,6.814812422,0.506719379,-0.306021529,-2.219923956,0.166319242,
NGC 7538 IRS1,20191111,0.056995619,Comp.I,-57.91437057,0.020489937,1.130725832,0.04831478,0.898183581,1.081072041,0.03996899,0.921898929
NGC 7538 IRS1,20191111,0.056995619,Comp.II,-60.08093128,0.011483254,0.733566444,0.027066923,1.291118894,1.008179596,0.032196501,1.410737682
NGC 7538 IRS1,20200107,0.036360379,absorption,-55.63697124,0.15172592,8.388550893,0.268735105,-0.367663053,-3.282986848,0.114633202,
NGC 7538 IRS1,20200107,0.036360379,Comp.I,-57.88758418,0.014315834,1.106866723,0.033811406,0.949719274,1.118981208,0.02954396,0.971224383
NGC 7538 IRS1,20200107,0.036360379,Comp.II,-60.01728425,0.009576173,0.812775636,0.022602062,1.216969119,1.052888651,0.025320425,1.322105482
NGC 7538 IRS1,20200308,0.051632069,absorption,-55.84461111,0.17464618,8.42665069,0.315051299,-0.364230753,-3.26711042,0.13119933,
NGC 7538 IRS1,20200308,0.051632069,Comp.I,-57.82960335,0.015969489,1.020956473,0.037652243,0.973055315,1.057491697,0.033746564,1.034640662
NGC 7538 IRS1,20200308,0.051632069,Comp.II,-59.95298612,0.011266008,0.810335726,0.02655751,1.228909322,1.060027263,0.030065905,1.32245949
NGC 7538 IRS1,20200309,0.040049143,absorption,-55.57822052,0.136646907,7.78722791,0.244074605,-0.376089918,-3.117502331,0.105857797,
NGC 7538 IRS1,20200309,0.040049143,Comp.I,-57.85885194,0.012222896,1.035232869,0.028830126,0.989572628,1.090480582,0.026271457,1.002992725
NGC 7538 IRS1,20200309,0.040049143,Comp.II,-59.96264345,0.008449761,0.80376308,0.019924792,1.261479529,1.07929576,0.023150378,1.33074389
NGC 7538 IRS1,20200701,0.045040031,absorption,-56.10085716,0.164987231,6.908940158,0.26774383,-0.454473791,-3.3423543,0.155224957,
NGC 7538 IRS1,20200701,0.045040031,Comp.I,-57.91758076,0.017233156,1.203817874,0.040870397,1.034293488,1.325368937,0.038786487,1.11628652
NGC 7538 IRS1,20200701,0.045040031,Comp.II,-60.03384823,0.010165148,0.806684358,0.024051744,1.436814897,1.233776994,0.031769502,1.523225016
NGC 7538 IRS1,20200708,0.050122642,absorption,-55.44723353,0.17559743,7.614036575,0.311745943,-0.397545108,-3.222059695,0.143900545,
NGC 7538 IRS1,20200708,0.050122642,Comp.I,-57.91853103,0.017506494,1.149721489,0.041377225,0.946962003,1.158930552,0.036032724,0.963825098
NGC 7538 IRS1,20200708,0.050122642,Comp.II,-60.02529642,0.010283647,0.769268176,0.024278894,1.319350519,1.08036416,0.029482815,1.384218336
NGC 7538 IRS1,20200822,0.063970967,absorption,-54.96355465,0.256342936,6.015826101,0.566527014,-0.339749223,-2.175634593,0.188003929,
NGC 7538 IRS1,20200822,0.063970967,Comp.I,-57.9439038,0.027539115,1.009823435,0.06486967,0.798262673,0.8580715,0.047725173,0.853451785
NGC 7538 IRS1,20200822,0.063970967,Comp.II,-60.08117137,0.015010125,0.713229128,0.035354944,1.230803073,0.934436628,0.040108053,1.241577457
NGC 7538 IRS1,20200830,0.046413339,absorption,-55.42888531,0.1531643,7.261619,0.284771645,-0.453154091,-3.502769614,0.14420952,
NGC 7538 IRS1,20200830,0.046413339,Comp.I,-57.91633014,0.012917336,1.011817836,0.030448654,1.226569787,1.32107296,0.034405902,1.285194709
NGC 7538 IRS1,20200830,0.046413339,Comp.II,-60.03752942,0.008962107,0.798160042,0.021122179,1.570337241,1.334182139,0.030559645,1.554933887
NGC 7538 IRS1,20210611,0.076014587,absorption,-55.39077678,0.249825602,8.469473154,0.468784306,-0.358090801,-3.22835861,0.184888195,
NGC 7538 IRS1,20210611,0.076014587,Comp.I,-57.8869366,0.023402979,0.980090933,0.055119571,0.921697869,0.96158386,0.046827293,0.981458272
NGC 7538 IRS1,20210611,0.076014587,Comp.II,-60.05196434,0.010954928,0.728566264,0.025800755,1.697610992,1.316556331,0.040373221,1.765136952
